Excl.,UID,Session,Date,Run,Sample,d45,d45 SD,d46,d46 SD,d47,d47 SD,d48,d48 SD,d49,d49 SD,D47 (raw),D47 SD (raw),D48 (raw),D48 SD (raw),D49 (raw),d49 SD (raw),d13C,d13C SD,d18O,d18O SD,Magazine,Weight,Leak,p no Acid,pCO2,VM1,Init. Int,Init. Sample,Init. Ref.,Offset,Fin. Sample,Fin. Ref.,Offset,Refill,Bake,D47 (slope corr),D48 (slope corr),D47 I-CDES,D48 CDES,Comments
,,,23/10/2023 19:49,55,98GR08,-2.21,0.025,8.326,0.108,5.572,0.257,16.349,0.932,-0.533,17.196,-0.313,0.204,-0.367,0.806,-14.361,17.144,-6.96,0.02,2.7,0.11,9,126,117,123,650,128,47702,,,,,,,,,,,,,
,,,24/10/2023 06:13,55,98GR08,-2.199,0.024,8.368,0.106,5.625,0.172,16.436,0.839,-4.214,22.638,-0.312,0.148,-0.365,0.743,-18.083,22.484,-6.95,0.02,2.74,0.11,20,122,93,123,589,125,42467,,,,,,,,,,,,,
,,,28/10/2023 16:57,57,98GR08,-2.225,0.014,8.168,0.025,5.389,0.168,16.163,0.858,1.623,17.412,-0.325,0.173,-0.236,0.833,-11.917,17.193,-6.97,0.02,2.54,0.03,29,101,107,123,589,125,37898,,,,,,,,,,,,,
x,,,29/10/2023 06:51,57,98GR08,-0.021,0.022,-0.062,0.032,-0.127,0.196,-0.147,0.834,21.15,16.516,-0.044,0.205,-0.023,0.814,21.298,16.526,-4.32,0.02,-5.66,0.03,45,101,132,123,416,120,15070,,,,,,,,,,,,,
,,,23/10/2023 16:02,55,98GR18,-2.118,0.019,8.507,0.086,5.821,0.189,16.597,0.866,-5.148,13.49,-0.336,0.206,-0.482,0.742,-19.355,13.406,-6.87,0.02,2.88,0.09,5,118,117,123,623,128,42735,,,,,,,,,,,,,
,,,24/10/2023 07:09,55,98GR18,-2.11,0.027,8.534,0.098,5.943,0.216,16.798,0.838,-4.455,21.211,-0.25,0.166,-0.338,0.748,-18.731,21.055,-6.86,0.03,2.9,0.1,21,116,122,123,616,125,41090,,,,,,,,,,,,,
,,,28/10/23 19.44,57,98GR18,-2.13,0.019,8.323,0.071,5.634,0.198,16.666,0.723,-2.361,13.63,-0.331,0.191,-0.049,0.722,-16.245,13.409,-6.88,0.02,2.69,0.07,32,103,88,123,545,123,30295,,,,,,,,,,,,,
,,,29/10/23 9.10,57,98GR18,-2.074,0.023,8.58,0.054,5.975,0.18,17.112,0.863,-4.999,16.611,-0.3,0.177,-0.12,0.799,-19.395,16.467,-6.83,0.02,2.95,0.05,46,98,264,303,577,125,35308,,,,,,,,,,,,,
,,,26/10/2023 06:55,56,98GR22,-2.791,0.027,8.263,0.095,4.84,0.241,16.311,0.704,-2.637,18.617,-0.377,0.175,-0.278,0.603,-15.703,18.523,-7.58,0.03,2.63,0.09,21,103,117,123,631,125,45392,,,,,,,,,,,,,
,,,27/10/2023 02:35,56,98GR22,-2.793,0.026,8.503,0.109,5.142,0.191,16.919,1.007,-1.953,23.419,-0.31,0.172,-0.157,0.862,-15.487,23.255,-7.59,0.02,2.87,0.11,40,100,88,123,616,125,42752,,,,,,,,,,,,,
,,,28/10/2023 20:39,57,98GR22,-2.87,0.027,8.273,0.087,4.744,0.242,16.273,1.057,-0.295,19.969,-0.402,0.211,-0.336,0.907,-13.329,19.853,-7.66,0.03,2.65,0.09,33,108,112,123,555,125,32311,,,,,,,,,,,,,
,,,29/10/2023 05:53,57,98GR22,-2.83,0.025,8.391,0.106,5.002,0.21,16.998,0.921,-1.6,22.566,-0.302,0.154,0.143,0.825,-14.884,22.456,-7.62,0.02,2.76,0.11,44,106,93,123,614,125,41324,,,,,,,,,,,,,
,,,23/10/2023 15:06,55,98GR29,-2.042,0.018,8.413,0.066,5.798,0.176,16.434,0.829,-7.828,11.942,-0.346,0.155,-0.455,0.751,-21.898,11.822,-6.79,0.02,2.78,0.07,4,120,98,123,604,128,39135,,,,,,,,,,,,,
,,,24/10/2023 12:36,55,98GR29,-2.103,0.017,8.045,0.082,5.478,0.189,15.572,0.517,6.287,10.432,-0.242,0.193,-0.573,0.489,-7.208,10.207,-6.84,0.02,2.42,0.08,25,115,107,115,592,120,38485,,,,,,,,,,,,,
,,,26/10/2023 03:08,56,98GR29,-2.104,0.028,8.465,0.093,5.864,0.255,17.092,0.95,-9.88,21.346,-0.267,0.216,0.09,0.834,-23.953,21.175,-6.85,0.03,2.83,0.09,17,99,161,120,506,123,28528,,,,,,,,,,,,,
,,,27/10/2023 03:31,56,98GR29,-1.771,0.032,8.484,0.124,6.254,0.299,17.017,0.91,-11.026,25.927,-0.242,0.232,-0.022,0.79,-25.462,25.765,-6.5,0.03,2.85,0.12,41,98,161,123,543,123,30216,,,,,,,,,,,,,
,,,26/10/2023 22:50,56,98GR34,-1.538,0.032,8.304,0.104,6.167,0.226,16.655,0.835,-13.894,21.882,-0.394,0.178,-0.023,0.709,-28.193,21.724,-6.24,0.03,2.67,0.1,36,108,88,123,531,123,31735,,,,,,,,,,,,,
,,,28/10/2023 02:54,57,98GR34,-1.696,0.015,7.873,0.067,5.642,0.193,22.321,2.631,0.691,17.815,-0.332,0.198,6.411,2.702,-12.829,17.481,-6.4,0.02,2.24,0.07,16,99,1001,1097,577,137,33148,,,,,,,,,,,,,
,,,29/10/2023 02:13,57,98GR34,-1.609,0.027,8.132,0.098,6.005,0.242,17.486,1.113,-4.216,21.725,-0.314,0.218,1.137,0.958,-18.251,21.584,-6.31,0.03,2.5,0.1,40,100,93,123,574,125,35261,,,,,,,,,,,,,
,,,23/10/2023 18:52,55,99CH10,-1.663,0.016,8.452,0.049,6.256,0.19,16.588,0.522,0.129,9.417,-0.321,0.17,-0.382,0.486,-14.53,9.306,-6.38,0.02,2.82,0.05,8,125,117,123,660,128,49961,,,,,,,,,,,,,
,,,24/10/2023 11:08,55,99CH10,-1.688,0.015,8.408,0.029,6.207,0.263,16.437,0.791,4.584,12.979,-0.3,0.257,-0.442,0.771,-10.027,12.798,-6.41,0.02,2.78,0.03,24,120,132,123,650,128,46874,,,,,,,,,,,,,
,,,26/10/2023 23:46,56,99CH10,-1.594,0.019,8.638,0.048,6.514,0.203,16.744,0.711,-1.323,20.285,-0.317,0.196,-0.596,0.651,-16.388,20.048,-6.32,0.02,3.01,0.05,37,99,122,123,584,123,36473,,,,,,,,,,,,,
,,,25/10/2023 06:18,55,ABGK01,-3.989,0.017,5.798,0.04,1.318,0.243,11.463,0.814,13.177,24.964,-0.243,0.24,-0.165,0.772,6.01,24.848,-8.76,0.02,0.18,0.04,44,121,93,123,611,125,46093,,,,,,,,,,,,,
,,,26/10/2023 02:11,56,ABGK01,-4.041,0.028,5.691,0.092,1.222,0.187,12.005,0.903,-5.636,24.055,-0.18,0.161,0.584,0.805,-12.406,24.037,-8.81,0.03,0.08,0.09,16,98,98,123,555,123,31793,,,,,,,,,,,,,
,,,28/10/2023 03:49,57,ABGK01,-4.019,0.029,5.734,0.091,1.22,0.208,14.788,1.934,-6.738,20.331,-0.247,0.196,3.25,1.755,-13.607,20.343,-8.79,0.03,0.12,0.09,17,105,112,120,526,125,31734,,,,,,,,,,,,,
,,,25/10/2023 07:14,55,ABGK02,-4.074,0.025,5.946,0.095,1.431,0.231,11.948,0.626,-3.06,19.089,-0.186,0.194,0.021,0.572,-10.306,19.106,-8.86,0.02,0.33,0.09,45,122,117,123,618,125,42595,,,,,,,,,,,,,
,,,26/10/2023 05:58,56,ABGK02,-4.101,0.018,5.785,0.038,1.126,0.179,11.451,0.871,2.297,18.936,-0.306,0.171,-0.15,0.823,-4.648,18.843,-8.88,0.02,0.17,0.04,20,101,88,123,572,125,34191,,,,,,,,,,,,,
x,,,28/10/2023 16:03,57,ABGK02,-4.18,0.029,5.682,0.134,0.961,0.24,11.516,1.062,-13.802,26.797,-0.288,0.21,0.118,0.895,-20.351,26.813,-8.96,0.03,0.07,0.13,28,103,78,123,491,123,23312,,,,,,,,,,,,,
x,,,29/10/23 3.08,57,ABGK02,-4.158,0.018,5.637,0.034,0.921,0.167,12.656,0.995,-16.026,15.387,-0.307,0.16,1.334,1.007,-22.504,15.266,-8.94,0.02,0.02,0.03,41,104,122,123,513,123,25312,,,,,,,,,,,,,
,,,14/10/2023 19:33,52,Carrara,6.124,0.013,11.962,0.048,17.664,0.2,23.069,0.688,1.7,5.378,-0.479,0.196,-0.974,0.686,-27.781,5.253,1.79,0.01,6.41,0.05,11,104,,,,,,,,,,,,,,,,,,
,,,15/10/2023 11:04,52,Carrara,6.141,0.014,12.038,0.032,17.729,0.192,23.328,0.736,0.052,5.895,-0.507,0.186,-0.871,0.72,-29.541,5.719,1.8,0.01,6.48,0.03,17,118,,,,,,,,,,,,,,,,,,
,,,16/10/2023 07:40,52,Carrara,6.11,0.014,11.93,0.049,17.575,0.222,23.462,0.682,0.23,5.902,-0.522,0.21,-0.528,0.678,-29.134,5.728,1.77,0.02,6.37,0.05,25,106,,,,,,,,,,,,,,,,,,
,,,16/10/2023 19:33,52,Carrara,6.158,0.016,12.144,0.067,17.853,0.243,23.763,0.856,-7.601,8.433,-0.505,0.243,-0.656,0.775,-37.183,8.255,1.81,0.02,6.59,0.07,33,110,,,,,,,,,,,,,,,,,,
,,,17/10/2023 03:11,52,Carrara,6.182,0.013,12.104,0.021,17.826,0.196,24.165,0.668,-7.877,8.038,-0.518,0.196,-0.185,0.647,-37.401,7.804,1.84,0.01,6.55,0.02,41,108,,,,,,,,,,,,,,,,,,
,,,17/10/2023 19:05,53,Carrara,6.183,0.033,12.284,0.133,18.002,0.285,24.036,0.831,-9.646,17.513,-0.521,0.209,-0.667,0.655,-39.451,17.22,1.84,0.03,6.73,0.13,9,116,,,,,,,,,,,,,,,,,,
,,,18/10/2023 02:51,53,Carrara,6.186,0.03,12.268,0.139,17.909,0.28,24.16,0.959,-9.711,18.721,-0.6,0.215,-0.514,0.831,-39.486,18.408,1.84,0.03,6.71,0.14,17,111,,,,,,,,,,,,,,,,,,
,,,18/10/2023 12:06,53,Carrara,6.151,0.016,12.007,0.045,17.626,0.171,23.241,0.731,-1.601,5.424,-0.589,0.163,-0.895,0.73,-31.097,5.274,1.81,0.02,6.45,0.04,25,104,,,,,,,,,,,,,,,,,,
,,,18/10/2023 19:49,53,Carrara,6.216,0.021,12.217,0.059,17.953,0.208,23.724,0.776,-7.011,11.064,-0.538,0.194,-0.839,0.689,-36.807,10.782,1.87,0.02,6.66,0.06,33,115,,,,,,,,,,,,,,,,,,
,,,19/10/2023 03:34,53,Carrara,6.229,0.022,12.275,0.048,18.014,0.211,23.947,0.976,-5.766,14.9,-0.548,0.189,-0.735,0.911,-35.721,14.531,1.89,0.02,6.72,0.05,41,104,,,,,,,,,,,,,,,,,,
,,,19/10/2023 20:55,54,Carrara,6.185,0.018,12.171,0.059,17.894,0.178,23.672,0.714,-12.383,11.77,-0.519,0.179,-0.799,0.655,-41.901,11.455,1.84,0.02,6.51,0.06,9,112,,,,,,,,,,,,,,,,,,
,,,20/10/2023 04:37,54,Carrara,6.202,0.024,12.233,0.08,17.968,0.202,23.936,1.072,-12.662,11.733,-0.524,0.195,-0.663,0.959,-42.303,11.444,1.86,0.02,6.57,0.08,17,110,,,,,,,,,,,,,,,,,,
,,,20/10/2023 14:02,54,Carrara,6.175,0.012,12.12,0.021,17.791,0.19,23.503,0.674,-6.159,9.424,-0.561,0.19,-0.862,0.653,-35.757,9.139,1.83,0.01,6.45,0.02,25,103,,,,,,,,,,,,,,,,,,
,,,20/10/2023 21:44,54,Carrara,6.202,0.016,12.135,0.069,17.875,0.225,23.529,0.611,-12.013,10.737,-0.519,0.19,-0.867,0.562,-41.49,10.473,1.86,0.02,6.47,0.07,33,113,,,,,,,,,,,,,,,,,,
,,,21/10/2023 05:21,54,Carrara,6.19,0.027,12.204,0.095,17.889,0.267,24.167,0.824,-7.003,17.239,-0.561,0.215,-0.38,0.737,-36.746,16.874,1.85,0.03,6.54,0.09,41,108,,,,,,,,,,,,,,,,,,
,,,23/10/2023 21:40,55,Carrara,6.16,0.029,12.127,0.108,17.814,0.197,23.497,0.814,-12.033,14.973,-0.529,0.157,-0.883,0.707,-41.451,14.702,1.82,0.03,6.46,0.11,11,107,122,120,584,128,41631,,,,,,,,,,,,,
,,,24/10/2023 09:01,55,Carrara,6.169,0.028,12.154,0.108,17.878,0.237,23.894,0.869,-10.642,14.763,-0.502,0.193,-0.547,0.758,-40.161,14.48,1.83,0.03,6.49,0.11,23,107,171,123,628,128,50000,,,,,,,,,,,,,
,,,24/10/2023 21:49,55,Carrara,6.202,0.028,12.241,0.105,17.919,0.244,24.061,0.837,-10.023,17.489,-0.58,0.17,-0.556,0.721,-39.756,17.134,1.86,0.03,6.57,0.1,35,108,122,123,592,125,43599,,,,,,,,,,,,,
,,,25/10/2023 21:10,56,Carrara,6.258,0.028,12.168,0.102,17.912,0.242,23.662,0.824,-11.556,17.653,-0.573,0.187,-0.801,0.686,-41.164,17.29,1.92,0.03,6.5,0.1,11,105,127,123,601,123,40521,,,,,,,,,,,,,
,,,26/10/2023 10:00,56,Carrara,6.348,0.028,12.416,0.113,18.299,0.23,24.432,0.978,-10.722,20.208,-0.526,0.193,-0.54,0.789,-40.907,19.772,2.01,0.03,6.75,0.11,23,103,112,123,628,123,44346,,,,,,,,,,,,,
,,,26/10/2023 21:55,56,Carrara,6.224,0.031,12.267,0.119,17.903,0.261,24.004,0.765,-14.995,22.349,-0.644,0.203,-0.664,0.649,-44.648,21.883,1.88,0.03,6.6,0.12,35,108,117,123,636,125,47268,,,,,,,,,,,,,
,,,27/10/2023 22:12,57,Carrara,6.168,0.026,12.228,0.095,17.91,0.276,24.146,0.812,-11.849,20.099,-0.541,0.218,-0.447,0.661,-41.468,19.64,1.82,0.02,6.56,0.09,11,101,107,123,594,125,39032,,,,,,,,,,,,,
,,,28/10/2023 10:43,57,Carrara,6.199,0.033,12.269,0.113,17.956,0.257,24.732,0.803,-12.182,19.881,-0.568,0.228,0.042,0.655,-41.898,19.478,1.85,0.03,6.6,0.11,23,102,117,123,609,125,47678,,,,,,,,,,,,,
,,,28/10/2023 22:31,57,Carrara,6.2,0.03,12.298,0.106,18.024,0.2,24.302,0.858,-12.769,23.046,-0.529,0.166,-0.434,0.731,-42.522,22.517,1.85,0.03,6.63,0.11,35,104,122,120,621,125,44073,,,,,,,,,,,,,
,,,13/10/2023 20:21,52,ETH 1,6.168,0.014,11.377,0.025,16.934,0.173,22.268,0.62,-2.563,4.141,-0.673,0.167,-0.601,0.61,-30.862,4.008,1.85,0.01,5.82,0.02,2,118,156,113,672,123,28302,,,,,,,,,,,,,
,,,14/10/2023 01:30,52,ETH 1,6.18,0.013,11.396,0.035,16.957,0.201,22.103,0.654,-0.454,5.465,-0.682,0.206,-0.801,0.65,-28.863,5.301,1.87,0.01,5.84,0.03,4,116,,,,,,,,,,,,,,,,,,
,,,14/10/2023 14:26,52,ETH 1,6.207,0.013,11.475,0.025,17.122,0.154,22.189,0.658,-0.961,5.333,-0.625,0.15,-0.873,0.634,-29.533,5.177,1.89,0.01,5.92,0.02,9,108,,,,,,,,,,,,,,,,,,
X,,,15/10/2023 13:40,52,ETH 1,6.184,0.013,11.399,0.025,17.054,0.219,22.313,0.79,1.38,5.311,-0.593,0.211,-0.601,0.767,-27.09,5.154,1.87,0.01,5.84,0.02,18,120,,,,,,,,,,,,,,,,,,
,,,15/10/2023 18:46,52,ETH 1,6.178,0.015,11.289,0.079,16.876,0.213,21.859,0.607,7.052,7.365,-0.656,0.212,-0.827,0.626,-21.364,7.106,1.87,0.02,5.73,0.08,20,115,,,,,,,,,,,,,,,,,,
x,,,16/10/2023 09:39,52,ETH 1,6.182,0.014,11.413,0.023,17.129,0.178,22.14,0.756,0.025,5.731,-0.531,0.174,-0.799,0.738,-28.432,5.569,1.87,0.02,5.86,0.02,26,111,,,,,,,,,,,,,,,,,,
,,,16/10/2023 20:29,52,ETH 1,6.217,0.025,11.583,0.114,17.181,0.236,22.742,0.948,-7.685,15.247,-0.681,0.168,-0.546,0.831,-36.274,14.985,1.9,0.02,6.03,0.11,34,103,,,,,,,,,,,,,,,,,,
,,,16/10/2023 22:21,52,ETH 1,6.225,0.022,11.623,0.096,17.191,0.228,23.034,0.853,-13.679,15.436,-0.72,0.179,-0.34,0.731,-42.178,15.139,1.91,0.02,6.07,0.1,36,114,,,,,,,,,,,,,,,,,,
,,,17/10/2023 04:07,52,ETH 1,6.226,0.023,11.605,0.106,17.224,0.233,23.278,0.7,-6.907,18.006,-0.669,0.182,-0.064,0.591,-35.567,17.672,1.91,0.02,6.05,0.11,42,104,,,,,,,,,,,,,,,,,,
,,,17/10/23 12.21,53,ETH 1,6.196,0.017,11.532,0.105,17.183,0.241,22.457,0.869,-6.678,16.757,-0.608,0.194,-0.723,0.718,-35.178,16.45,1.88,0.02,5.98,0.1,2,113,,,,,,,,,,,,,,,,,,
x,,,17/10/23 14.17,53,ETH 1,6.203,0.021,11.545,0.083,17.023,0.234,22.704,0.9,-11.052,15.478,-0.785,0.184,-0.508,0.86,-39.46,15.16,1.89,0.02,5.99,0.08,4,109,,,,,,,,,,,,,,,,,,
,,,17/10/2023 20:03,53,ETH 1,6.224,0.032,11.643,0.132,17.25,0.221,22.888,0.82,-10.232,16.792,-0.679,0.181,-0.522,0.673,-38.865,16.535,1.9,0.03,6.09,0.13,10,108,,,,,,,,,,,,,,,,,,
,,,18/10/2023 03:46,53,ETH 1,6.206,0.024,11.592,0.102,17.181,0.242,22.997,0.724,-14.752,17.604,-0.679,0.194,-0.315,0.61,-43.143,17.263,1.89,0.02,6.04,0.1,18,100,,,,,,,,,,,,,,,,,,
,,,18/10/2023 05:41,53,ETH 1,6.232,0.03,11.649,0.109,17.287,0.246,23.1,0.845,-11.164,16.682,-0.657,0.204,-0.327,0.732,-39.791,16.395,1.91,0.03,6.09,0.11,20,116,,,,,,,,,,,,,,,,,,
,,,18/10/2023 13:02,53,ETH 1,6.253,0.021,11.683,0.079,17.31,0.175,22.595,0.909,-8.733,13.407,-0.688,0.155,-0.887,0.792,-37.516,13.142,1.93,0.02,6.13,0.08,26,107,,,,,,,,,,,,,,,,,,
,,,18/10/2023 20:20,53,ETH 1,6.244,0.028,11.688,0.092,17.323,0.231,22.552,0.75,-10.256,16.802,-0.672,0.202,-0.939,0.645,-38.994,16.461,1.92,0.03,6.13,0.09,34,106,,,,,,,,,,,,,,,,,,
,,,18/10/2023 22:36,53,ETH 1,6.28,0.023,11.703,0.089,17.41,0.213,22.884,0.609,-10.626,15.58,-0.637,0.175,-0.644,0.505,-39.418,15.273,1.96,0.02,6.15,0.09,36,100,,,,,,,,,,,,,,,,,,
,,,19/10/2023 04:31,53,ETH 1,6.292,0.014,11.669,0.035,17.35,0.22,22.833,0.688,-7.282,11,-0.676,0.207,-0.625,0.669,-36.121,10.716,1.98,0.01,6.11,0.03,42,111,,,,,,,,,,,,,,,,,,
,,,19/10/2023 14:18,54,ETH 1,6.214,0.028,11.635,0.108,17.228,0.268,22.921,0.801,-6.193,15.527,-0.682,0.21,-0.472,0.755,-34.918,15.255,1.89,0.03,5.97,0.11,2,107,,,,,,,,,,,,,,,,,,
,,,19/10/2023 16:11,54,ETH 1,6.184,0.034,11.498,0.139,17.01,0.298,19.281,9.844,0.854,43.697,-0.733,0.189,-3.762,9.412,-27.778,42.732,1.87,0.03,5.84,0.14,4,106,,,,,,,,,,,,,,,,,,
,,,19/10/2023 21:53,54,ETH 1,6.254,0.029,11.698,0.13,17.446,0.212,22.739,0.861,-9.161,17.305,-0.57,0.197,-0.775,0.714,-37.957,17.019,1.93,0.03,6.03,0.13,10,115,,,,,,,,,,,,,,,,,,
,,,20/10/2023 05:35,54,ETH 1,6.245,0.03,11.659,0.12,17.342,0.245,22.787,0.952,-8.335,18.059,-0.625,0.182,-0.651,0.78,-37.074,17.711,1.93,0.03,5.99,0.12,18,105,,,,,,,,,,,,,,,,,,
,,,20/10/2023 07:31,54,ETH 1,6.238,0.031,11.646,0.123,17.328,0.247,23.01,0.896,-14.45,20.343,-0.62,0.206,-0.408,0.719,-42.981,19.948,1.92,0.03,5.98,0.12,20,110,,,,,,,,,,,,,,,,,,
,,,20/10/2023 15:00,54,ETH 1,6.252,0.027,11.672,0.098,17.354,0.217,22.778,0.947,-4.628,19.228,-0.633,0.165,-0.685,0.838,-33.507,18.808,1.93,0.03,6.01,0.1,26,104,,,,,,,,,,,,,,,,,,
,,,20/10/2023 22:43,54,ETH 1,6.261,0.025,11.63,0.108,17.345,0.242,22.596,0.647,-8.553,20.891,-0.61,0.172,-0.781,0.561,-37.247,20.453,1.94,0.02,5.97,0.11,34,108,,,,,,,,,,,,,,,,,,
,,,21/10/2023 00:36,54,ETH 1,6.272,0.03,11.681,0.12,17.381,0.229,23.319,0.884,-14.786,16.028,-0.637,0.202,-0.176,0.81,-43.408,15.773,1.95,0.03,6.02,0.12,36,112,,,,,,,,,,,,,,,,,,
,,,21/10/2023 06:18,54,ETH 1,6.263,0.016,11.585,0.025,17.213,0.197,23.138,0.715,-6.746,15.632,-0.699,0.194,-0.163,0.689,-35.415,15.194,1.95,0.02,5.92,0.03,42,106,,,,,,,,,,,,,,,,,,
,,,23/10/2023 13:13,55,ETH 1,6.191,0.017,11.466,0.04,16.964,0.252,22.369,0.566,-1.919,7.648,-0.754,0.233,-0.679,0.551,-30.43,7.47,1.88,0.02,5.8,0.04,2,105,103,118,599,125,39828,,,,,,,,,,,,,
,,,24/10/2023 13:33,55,ETH 1,6.218,0.024,11.56,0.086,17.187,0.17,22.372,0.909,-7.513,16.656,-0.654,0.156,-0.862,0.814,-36.065,16.309,1.9,0.02,5.9,0.09,26,108,93,118,582,125,44203,,,,,,,,,,,,,
,,,25/10/2023 01:33,55,ETH 1,6.268,0.032,11.687,0.11,17.366,0.252,23.113,0.8,-13.081,18.832,-0.653,0.168,-0.389,0.705,-41.759,18.447,1.95,0.03,6.02,0.11,39,105,122,123,599,125,45138,,,,,,,,,,,,,
,,,25/10/2023 12:46,56,ETH 1,6.265,0.029,11.609,0.108,17.218,0.255,23.466,0.682,-13.579,14.133,-0.72,0.191,0.109,0.66,-42.096,13.874,1.95,0.03,5.95,0.11,2,107,112,118,626,125,50000,,,,,,,,,,,,,
,,,26/10/2023 01:15,56,ETH 1,6.229,0.025,11.604,0.062,17.303,0.199,22.936,0.584,-3.375,19.574,-0.593,0.18,-0.398,0.541,-32.14,19.079,1.91,0.03,5.94,0.06,15,105,132,123,601,125,45998,,,,,,,,,,,,,
,,,26/10/2023 13:21,56,ETH 1,6.237,0.032,11.64,0.121,17.274,0.269,22.645,0.794,-10.489,19.86,-0.666,0.235,-0.753,0.662,-39.123,19.481,1.92,0.03,5.98,0.12,26,105,107,123,655,125,50000,,,,,,,,,,,,,
,,,27/10/2023 01:40,56,ETH 1,6.264,0.016,11.585,0.038,17.285,0.161,22.702,0.758,-9.324,10.74,-0.63,0.176,-0.588,0.712,-37.919,10.461,1.95,0.02,5.92,0.04,39,108,127,123,640,125,47256,,,,,,,,,,,,,
,,,27/10/2023 13:38,57,ETH 1,6.21,0.028,11.554,0.106,17.083,0.267,22.634,0.961,-12.714,11.498,-0.742,0.203,-0.592,0.876,-41.096,11.31,1.89,0.03,5.89,0.11,2,112,98,118,606,125,50000,,,,,,,,,,,,,
,,,28/10/2023 01:58,57,ETH 1,6.246,0.036,11.646,0.125,17.369,0.281,27.086,1.682,-11.04,22.343,-0.587,0.201,3.575,1.424,-39.677,21.895,1.93,0.03,5.98,0.12,15,109,112,120,633,125,50000,,,,,,,,,,,,,
x,,,28/10/2023 14:08,57,ETH 1,6.195,0.043,11.568,0.157,17.216,0.292,22.816,1.062,-20.801,22.633,-0.609,0.209,-0.443,0.901,-48.957,22.238,1.88,0.04,5.9,0.16,26,100,117,123,533,123,28880,,,,,,,,,,,,,
,,,29/10/2023 02:18,57,ETH 1,6.246,0.028,11.617,0.081,17.322,0.229,23.396,0.976,-4.908,21.863,-0.605,0.2,0.028,0.872,-33.669,21.344,1.93,0.03,5.95,0.08,39,110,127,123,636,125,45851,,,,,,,,,,,,,
,,,14/10/2023 06:40,52,ETH 2,-5.867,0.014,-5.462,0.038,-11.96,0.162,-10.78,0.755,11.995,5.923,-0.576,0.172,0.115,0.782,29.38,6.041,-10.35,0.01,-10.91,0.04,6,116,,,,,,,,,,,,,,,,,,
,,,14/10/2023 22:06,52,ETH 2,-5.875,0.015,-5.514,0.07,-12.071,0.163,-10.872,0.661,16.109,6.156,-0.629,0.178,0.127,0.685,33.68,6.237,-10.36,0.02,-10.97,0.07,12,100,,,,,,,,,,,,,,,,,,
,,,15/10/2023 03:19,52,ETH 2,-5.863,0.015,-5.457,0.051,-11.992,0.205,-10.861,0.556,13.138,5.136,-0.618,0.228,0.024,0.598,30.529,5.154,-10.35,0.02,-10.91,0.05,14,113,,,,,,,,,,,,,,,,,,
,,,15/10/2023 23:53,52,ETH 2,-5.88,0.014,-5.593,0.064,-12.108,0.227,-11.06,0.776,16.541,4.45,-0.583,0.219,0.094,0.813,34.286,4.509,-10.36,0.01,-11.04,0.06,22,102,,,,,,,,,,,,,,,,,,
,,,16/10/2023 14:44,52,ETH 2,-5.845,0.016,-5.328,0.072,-11.864,0.221,-10.506,0.912,2.989,10.843,-0.634,0.209,0.124,0.841,19.928,11.131,-10.33,0.02,-10.78,0.07,28,103,,,,,,,,,,,,,,,,,,
,,,16/10/2023 16:39,52,ETH 2,-5.824,0.017,-5.254,0.083,-11.78,0.186,-10.444,0.824,1.078,11.886,-0.645,0.175,0.036,0.766,17.811,12.226,-10.31,0.02,-10.71,0.08,30,107,,,,,,,,,,,,,,,,,,
,,,17/10/2023 00:17,52,ETH 2,-5.811,0.023,-5.196,0.086,-11.719,0.221,-9.465,0.779,3.202,16.924,-0.653,0.194,0.91,0.701,19.842,17.357,-10.3,0.02,-10.65,0.09,38,113,,,,,,,,,,,,,,,,,,
,,,17/10/23 6.01,52,ETH 2,-5.804,0.02,-5.221,0.101,-11.709,0.214,-9.806,1.055,2.016,14.013,-0.627,0.204,0.614,0.931,18.677,14.421,-10.29,0.02,-10.67,0.1,44,116,,,,,,,,,,,,,,,,,,
,,,17/10/23 9.18,52,ETH 2,-5.819,0.021,-5.252,0.089,-11.841,0.227,-9.749,0.92,4.146,15.338,-0.714,0.198,0.734,0.817,20.922,15.762,-10.31,0.02,-10.71,0.09,46,110,,,,,,,,,,,,,,,,,,
,,,17/10/2023 16:12,53,ETH 2,-5.844,0.02,-5.323,0.089,-11.843,0.22,-10.098,0.835,2.177,14.346,-0.62,0.206,0.524,0.783,19.091,14.729,-10.33,0.02,-10.78,0.09,6,108,,,,,,,,,,,,,,,,,,
,,,17/10/2023 21:59,53,ETH 2,-5.814,0.02,-5.274,0.086,-11.863,0.196,-9.956,0.937,4.502,16.311,-0.719,0.2,0.57,0.859,21.324,16.73,-10.3,0.02,-10.73,0.09,12,113,,,,,,,,,,,,,,,,,,
,,,17/10/2023 23:54,53,ETH 2,-5.841,0.021,-5.308,0.084,-11.826,0.23,-9.921,0.714,3.396,17.97,-0.621,0.201,0.673,0.637,20.296,18.405,-10.33,0.02,-10.76,0.08,14,114,,,,,,,,,,,,,,,,,,
,,,18/10/2023 07:37,53,ETH 2,-5.819,0.021,-5.262,0.096,-11.815,0.255,-9.913,0.756,3.325,16.812,-0.677,0.222,0.589,0.678,20.108,17.267,-10.31,0.02,-10.72,0.1,22,113,,,,,,,,,,,,,,,,,,
,,,18/10/2023 14:56,53,ETH 2,-5.785,0.017,-5.184,0.097,-11.701,0.241,-10.219,0.6,1.745,14.812,-0.673,0.216,0.124,0.529,18.308,15.192,-10.27,0.02,-10.64,0.1,28,114,,,,,,,,,,,,,,,,,,
x,,,18/10/2023 16:58,53,ETH 2,-0.021,0.028,-0.086,0.042,-0.104,0.251,-0.214,0.796,13.117,7.111,0.003,0.249,-0.043,0.775,13.311,7.118,-4.32,0.03,-5.58,0.04,30,105,,,,,,,,,,,,,,,,,,
,,,19/10/2023 00:32,53,ETH 2,-5.767,0.017,-5.152,0.086,-11.69,0.217,-10.098,0.853,3.309,16.61,-0.713,0.181,0.181,0.777,19.813,17.034,-10.25,0.02,-10.61,0.09,38,113,,,,,,,,,,,,,,,,,,
,,,19/10/2023 06:26,53,ETH 2,-5.758,0.021,-5.158,0.096,-11.637,0.235,-9.757,1.004,6.122,18.427,-0.663,0.204,0.538,0.905,22.676,18.896,-10.24,0.02,-10.61,0.1,44,103,,,,,,,,,,,,,,,,,,
,,,19/10/2023 09:43,53,ETH 2,-5.758,0.02,-5.137,0.078,-11.621,0.251,-9.719,0.968,5.08,19.577,-0.668,0.205,0.534,0.879,21.575,20.032,-10.25,0.02,-10.59,0.08,46,102,,,,,,,,,,,,,,,,,,
,,,19/10/2023 18:04,54,ETH 2,-5.856,0.017,-5.338,0.09,-11.913,0.227,-10.481,0.728,3.692,13.302,-0.663,0.213,0.168,0.642,20.676,13.682,-10.34,0.02,-10.9,0.09,6,109,,,,,,,,,,,,,,,,,,
,,,19/10/2023 23:45,54,ETH 2,-5.844,0.021,-5.337,0.1,-11.88,0.241,-10.206,0.846,4.849,17.562,-0.643,0.22,0.443,0.744,21.837,18.032,-10.33,0.02,-10.9,0.1,12,100,,,,,,,,,,,,,,,,,,
,,,20/10/2023 01:42,54,ETH 2,-5.812,0.024,-5.241,0.123,-11.783,0.31,-10.209,0.869,3.859,21.17,-0.673,0.234,0.247,0.754,20.603,21.723,-10.3,0.02,-10.8,0.12,14,115,,,,,,,,,,,,,,,,,,
X,,,20/10/2023 09:28,54,ETH 2,-5.819,0.022,-5.264,0.098,-11.699,0.194,-10.207,1.057,4.456,19.365,-0.559,0.182,0.296,0.946,21.262,19.867,-10.31,0.02,-10.82,0.1,22,109,,,,,,,,,,,,,,,,,,
,,,20/10/2023 16:56,54,ETH 2,-5.816,0.019,-5.227,0.113,-11.771,0.243,-10.39,1.072,-2.177,16.429,-0.67,0.187,0.037,0.942,14.441,16.859,-10.3,0.02,-10.79,0.11,28,108,,,,,,,,,,,,,,,,,,
,,,20/10/2023 18:53,54,ETH 2,-5.811,0.024,-5.244,0.105,-11.777,0.239,-10.046,0.649,1.297,19.354,-0.665,0.186,0.42,0.546,18.003,19.855,-10.3,0.02,-10.8,0.1,30,113,,,,,,,,,,,,,,,,,,
,,,21/10/2023 02:33,54,ETH 2,-5.809,0.023,-5.249,0.108,-11.776,0.224,-9.798,0.851,-0.967,19.811,-0.662,0.188,0.679,0.727,15.708,20.3,-10.3,0.02,-10.81,0.11,38,114,,,,,,,,,,,,,,,,,,
,,,21/10/2023 08:13,54,ETH 2,-5.753,0.025,-5.158,0.111,-11.609,0.235,-9.834,0.902,4.713,21.61,-0.641,0.203,0.46,0.786,21.239,22.156,-10.24,0.02,-10.72,0.11,44,112,,,,,,,,,,,,,,,,,,
,,,21/10/2023 11:30,54,ETH 2,-5.765,0.02,-5.189,0.091,-11.682,0.199,-9.616,0.771,4.848,20.412,-0.67,0.197,0.743,0.715,21.453,20.906,-10.25,0.02,-10.75,0.09,46,100,,,,,,,,,,,,,,,,,,
,,,23/10/2023 16:57,55,ETH 2,-5.853,0.016,-5.388,0.066,-11.975,0.212,-10.709,0.88,-0.435,14.261,-0.679,0.185,0.039,0.795,16.575,14.567,-10.34,0.02,-10.95,0.07,6,106,98,123,604,125,38614,,,,,,,,,,,,,
,,,24/10/2023 05:16,55,ETH 2,-5.859,0.024,-5.391,0.091,-11.935,0.203,-10.45,0.882,1.646,18.876,-0.63,0.177,0.306,0.791,18.705,19.363,-10.34,0.02,-10.95,0.09,19,101,161,123,618,125,41382,,,,,,,,,,,,,
,,,24/10/2023 17:08,55,ETH 2,-5.819,0.028,-5.259,0.112,-11.811,0.218,-10.321,0.811,-6.735,18.894,-0.676,0.218,0.17,0.758,9.875,19.375,-10.31,0.03,-10.82,0.11,30,106,98,123,553,125,31317,,,,,,,,,,,,,
,,,25/10/2023 05:18,55,ETH 2,-5.798,0.023,-5.247,0.102,-11.814,0.267,-10.052,0.909,1.913,18.929,-0.713,0.222,0.418,0.794,18.62,19.409,-10.28,0.02,-10.81,0.1,43,104,122,123,623,125,42673,,,,,,,,,,,,,
,,,25/10/2023 16:29,56,ETH 2,-5.797,0.023,-5.244,0.075,-11.727,0.177,-9.97,0.777,2.539,16.358,-0.629,0.185,0.495,0.716,19.248,16.75,-10.28,0.02,-10.8,0.07,6,109,103,123,572,125,40666,,,,,,,,,,,,,
x,,,26/10/2023 05:04,56,ETH 2,-5.824,0.017,-5.414,0.056,-11.986,0.231,-10.159,0.849,2.471,15.57,-0.695,0.238,0.646,0.886,19.548,15.782,-10.31,0.02,-10.97,0.06,19,102,117,123,496,123,26614,,,,,,,,,,,,,
,,,26/10/2023 17:08,56,ETH 2,-5.776,0.024,-5.169,0.094,-11.685,0.264,-10.234,0.765,0.323,18.758,-0.682,0.236,0.079,0.726,16.823,19.207,-10.26,0.02,-10.73,0.09,30,111,83,123,633,125,50000,,,,,,,,,,,,,
,,,27/10/2023 05:23,56,ETH 2,-5.739,0.027,-5.107,0.091,-11.587,0.219,-9.721,0.928,-2.362,18.806,-0.683,0.208,0.471,0.835,13.93,19.268,-10.23,0.03,-10.67,0.09,43,106,132,123,604,123,40506,,,,,,,,,,,,,
,,,27/10/2023 17:28,57,ETH 2,-5.826,0.02,-5.286,0.097,-11.817,0.241,-10.398,0.582,1.132,18.268,-0.649,0.194,0.147,0.511,17.933,18.718,-10.31,0.02,-10.85,0.1,6,107,161,120,623,125,43848,,,,,,,,,,,,,
,,,28/10/2023 05:44,57,ETH 2,-5.819,0.022,-5.292,0.109,-11.863,0.242,-9.537,1.046,4.718,22.463,-0.696,0.193,1.03,0.888,21.588,23.02,-10.31,0.02,-10.85,0.11,19,110,117,120,658,125,50000,,,,,,,,,,,,,
,,,28/10/2023 17:53,57,ETH 2,-5.846,0.027,-5.339,0.104,-11.905,0.23,-10.376,0.81,-0.259,22.457,-0.664,0.198,0.276,0.739,16.648,22.997,-10.33,0.03,-10.9,0.1,30,100,88,123,553,125,31654,,,,,,,,,,,,,
,,,29/10/23 4.58,57,ETH 2,-5.816,0.028,-5.273,0.061,-11.824,0.174,-10.104,0.879,6.626,18.871,-0.679,0.162,0.418,0.822,23.482,19.275,-10.3,0.03,-10.83,0.06,43,111,132,123,601,123,38076,,,,,,,,,,,,,
,,,13/10/23 22.55,52,ETH 3,5.881,0.016,11.782,0.036,17.424,0.223,22.936,0.791,1.478,5.147,-0.291,0.219,-0.748,0.782,-27.406,4.994,1.53,0.02,6.23,0.04,3,106,,,,,,,,,,,,,,,,,,
,,,14/10/2023 04:04,52,ETH 3,5.894,0.014,11.836,0.051,17.504,0.207,22.94,0.539,1.587,6.371,-0.28,0.196,-0.853,0.52,-27.417,6.226,1.55,0.01,6.28,0.05,5,118,,,,,,,,,,,,,,,,,,
,,,14/10/2023 09:15,52,ETH 3,5.917,0.015,11.802,0.052,17.414,0.185,23.109,0.782,5.627,6.664,-0.358,0.174,-0.618,0.773,-23.453,6.426,1.57,0.02,6.25,0.05,7,117,,,,,,,,,,,,,,,,,,
,,,14/10/2023 16:59,52,ETH 3,5.885,0.011,11.795,0.069,17.494,0.186,22.838,0.619,4.288,5.883,-0.239,0.169,-0.87,0.62,-24.706,5.686,1.54,0.01,6.24,0.07,10,115,,,,,,,,,,,,,,,,,,
,,,15/10/2023 00:43,52,ETH 3,6.001,0.013,12.135,0.029,17.994,0.226,23.638,0.665,-1.16,6.748,-0.198,0.23,-0.762,0.649,-30.757,6.537,1.65,0.01,6.58,0.03,13,113,,,,,,,,,,,,,,,,,,
,,,15/10/2023 05:52,52,ETH 3,5.92,0.015,11.82,0.048,17.559,0.19,23.104,0.58,2.916,5.121,-0.235,0.196,-0.659,0.597,-26.121,4.962,1.57,0.02,6.26,0.05,15,100,,,,,,,,,,,,,,,,,,
,,,15/10/2023 16:14,52,ETH 3,5.906,0.015,11.766,0.063,17.494,0.195,23.018,0.555,2.838,6.247,-0.232,0.192,-0.637,0.531,-26.081,6.054,1.56,0.01,6.21,0.06,19,103,,,,,,,,,,,,,,,,,,
,,,15/10/2023 21:20,52,ETH 3,5.892,0.017,11.798,0.059,17.454,0.2,23.202,0.604,5.206,5.062,-0.289,0.2,-0.52,0.623,-23.828,4.888,1.54,0.02,6.24,0.06,21,103,,,,,,,,,,,,,,,,,,
,,,16/10/2023 02:28,52,ETH 3,5.905,0.014,11.891,0.033,17.624,0.263,23.257,0.692,1.482,5.269,-0.226,0.249,-0.651,0.689,-27.634,5.108,1.56,0.02,6.34,0.03,23,109,,,,,,,,,,,,,,,,,,
,,,16/10/2023 13:46,52,ETH 3,6.136,0.016,12.499,0.054,18.371,0.214,24.305,0.645,-5.633,7.911,-0.319,0.208,-0.828,0.616,-35.916,7.749,1.78,0.02,6.94,0.05,27,120,,,,,,,,,,,,,,,,,,
,,,16/10/2023 15:42,52,ETH 3,5.953,0.022,12.054,0.09,17.747,0.213,23.601,0.766,-13.876,9.716,-0.312,0.153,-0.636,0.677,-42.895,9.573,1.6,0.02,6.5,0.09,29,108,,,,,,,,,,,,,,,,,,
,,,16/10/2023 17:36,52,ETH 3,5.947,0.016,12.02,0.082,17.838,0.173,23.614,0.975,-10.713,12.005,-0.183,0.162,-0.557,0.882,-39.756,11.763,1.59,0.02,6.46,0.08,31,105,,,,,,,,,,,,,,,,,,
,,,16/10/2023 21:25,52,ETH 3,5.921,0.024,11.993,0.098,17.689,0.24,23.997,0.896,-9.337,12.903,-0.277,0.181,-0.13,0.77,-38.343,12.679,1.57,0.02,6.44,0.1,35,107,,,,,,,,,,,,,,,,,,
,,,16/10/2023 23:20,52,ETH 3,5.933,0.022,12.073,0.115,17.75,0.259,24.343,0.92,-12.185,14.425,-0.308,0.189,0.05,0.819,-41.269,14.166,1.58,0.02,6.52,0.11,37,109,,,,,,,,,,,,,,,,,,
,,,17/10/23 1.15,52,ETH 3,5.939,0.029,12.026,0.097,17.755,0.314,24.132,0.896,-10.346,13.933,-0.262,0.254,-0.062,0.752,-39.401,13.694,1.59,0.03,6.47,0.1,39,115,,,,,,,,,,,,,,,,,,
,,,17/10/2023 05:04,52,ETH 3,5.96,0.028,12.03,0.113,17.806,0.255,24.619,0.939,-7.846,18.044,-0.238,0.197,0.405,0.758,-37.002,17.705,1.61,0.03,6.47,0.11,43,105,,,,,,,,,,,,,,,,,,
,,,17/10/2023 06:57,52,ETH 3,5.955,0.028,12.11,0.117,17.789,0.248,24.199,1.064,-14.119,13.113,-0.328,0.202,-0.165,0.89,-43.236,12.925,1.6,0.03,6.55,0.12,45,116,,,,,,,,,,,,,,,,,,
,,,17/10/2023 13:20,53,ETH 3,5.948,0.022,12.116,0.124,17.865,0.241,23.804,1.021,-12.046,15.552,-0.251,0.169,-0.561,0.83,-41.228,15.284,1.59,0.02,6.56,0.12,3,115,,,,,,,,,,,,,,,,,,
x,,,17/10/2023 15:16,53,ETH 3,5.948,0.03,12.113,0.123,17.759,0.293,23.8,0.856,-12.792,15.172,-0.352,0.213,-0.56,0.728,-41.946,14.934,1.59,0.03,6.56,0.12,5,114,,,,,,,,,,,,,,,,,,
,,,17/10/2023 17:11,53,ETH 3,5.94,0.025,12.047,0.111,17.794,0.254,23.689,0.802,-10.881,15.731,-0.246,0.19,-0.538,0.709,-39.961,15.461,1.59,0.02,6.49,0.11,7,113,,,,,,,,,,,,,,,,,,
,,,17/10/2023 21:00,53,ETH 3,5.922,0.024,12.008,0.117,17.705,0.236,24.112,0.817,-11.931,16.011,-0.277,0.177,-0.047,0.658,-40.889,15.741,1.57,0.02,6.45,0.12,11,111,,,,,,,,,,,,,,,,,,
,,,17/10/2023 22:57,53,ETH 3,5.924,0.022,12.039,0.099,17.732,0.244,24.008,0.702,-9.37,17.874,-0.283,0.185,-0.21,0.563,-38.463,17.517,1.57,0.02,6.48,0.1,13,107,,,,,,,,,,,,,,,,,,
,,,18/10/2023 00:53,53,ETH 3,5.945,0.027,12.096,0.101,17.822,0.243,23.876,0.98,-11.38,16.101,-0.27,0.183,-0.451,0.827,-40.541,15.8,1.59,0.03,6.54,0.1,15,113,,,,,,,,,,,,,,,,,,
,,,18/10/2023 04:44,53,ETH 3,5.965,0.024,12.106,0.107,17.899,0.239,24.203,0.831,-7.516,17.751,-0.226,0.204,-0.152,0.774,-36.831,17.404,1.61,0.02,6.55,0.11,19,105,,,,,,,,,,,,,,,,,,
,,,18/10/2023 06:39,53,ETH 3,5.947,0.024,12.075,0.103,17.841,0.236,24.185,0.88,-10.177,16.343,-0.234,0.191,-0.108,0.738,-39.336,16.035,1.59,0.02,6.52,0.1,21,112,,,,,,,,,,,,,,,,,,
,,,18/10/2023 08:36,53,ETH 3,5.968,0.024,12.136,0.118,17.92,0.247,24.1,0.82,-9.312,17.98,-0.237,0.208,-0.312,0.718,-38.632,17.644,1.61,0.02,6.58,0.12,23,105,,,,,,,,,,,,,,,,,,
,,,18/10/2023 14:00,53,ETH 3,6.042,0.026,12.258,0.125,18.127,0.237,24.049,0.704,-13.182,14.393,-0.228,0.179,-0.602,0.633,-42.69,14.147,1.69,0.02,6.7,0.12,27,112,,,,,,,,,,,,,,,,,,
,,,18/10/2023 15:55,53,ETH 3,5.996,0.026,12.225,0.125,18.018,0.236,23.883,1.021,-13.702,14.938,-0.256,0.171,-0.7,0.895,-43.086,14.7,1.64,0.02,6.67,0.12,29,110,,,,,,,,,,,,,,,,,,
,,,18/10/23 17.55,53,ETH 3,5.982,0.022,12.118,0.068,17.892,0.181,23.862,0.927,-8.038,15.023,-0.262,0.139,-0.509,0.868,-37.379,14.688,1.63,0.02,6.56,0.07,31,105,,,,,,,,,,,,,,,,,,
,,,18/10/23 21.42,53,ETH 3,6.02,0.028,12.236,0.123,18.085,0.235,23.964,0.611,-10.073,18.156,-0.226,0.183,-0.642,0.526,-39.61,17.813,1.67,0.03,6.68,0.12,35,113,,,,,,,,,,,,,,,,,,
,,,18/10/2023 23:36,53,ETH 3,6.021,0.027,12.234,0.123,18.079,0.256,24.09,0.972,-11.596,18.353,-0.231,0.207,-0.516,0.848,-41.085,18.018,1.67,0.02,6.68,0.12,37,111,,,,,,,,,,,,,,,,,,
,,,19/10/2023 01:29,53,ETH 3,6.024,0.025,12.219,0.09,18.016,0.28,24.077,0.831,-11.869,14.801,-0.281,0.241,-0.498,0.728,-41.325,14.52,1.67,0.02,6.66,0.09,39,108,,,,,,,,,,,,,,,,,,
,,,19/10/2023 05:30,53,ETH 3,5.993,0.029,12.257,0.119,18.112,0.228,24.136,0.895,-7.097,21.1,-0.192,0.198,-0.516,0.728,-36.734,20.67,1.64,0.03,6.7,0.12,43,117,,,,,,,,,,,,,,,,,,
,,,19/10/2023 07:24,53,ETH 3,6.035,0.029,12.309,0.131,18.144,0.284,24.134,1.014,-12.327,18.304,-0.255,0.227,-0.621,0.818,-41.948,17.97,1.68,0.03,6.75,0.13,45,117,,,,,,,,,,,,,,,,,,
,,,19/10/2023 15:15,54,ETH 3,5.89,0.025,11.982,0.104,17.742,0.24,23.653,0.911,-9.78,15.54,-0.182,0.189,-0.443,0.794,-38.719,15.261,1.54,0.02,6.32,0.1,3,109,,,,,,,,,,,,,,,,,,
,,,19/10/2023 17:06,54,ETH 3,5.916,0.032,11.982,0.129,17.663,0.299,23.785,0.849,-19.195,16.895,-0.287,0.244,-0.315,0.703,-47.885,16.617,1.56,0.03,6.32,0.13,5,104,,,,,,,,,,,,,,,,,,
X,,,19/10/2023 19:02,54,ETH 3,5.942,0.025,12.069,0.112,17.931,0.211,23.69,0.667,-10.364,17.397,-0.135,0.179,-0.58,0.543,-39.501,17.068,1.59,0.02,6.4,0.11,7,107,,,,,,,,,,,,,,,,,,
,,,19/10/2023 22:49,54,ETH 3,5.956,0.023,12.074,0.11,17.783,0.191,23.657,0.954,-12.39,19.367,-0.3,0.14,-0.622,0.783,-41.493,18.942,1.6,0.02,6.41,0.11,11,104,,,,,,,,,,,,,,,,,,
,,,20/10/2023 00:42,54,ETH 3,5.956,0.03,12.101,0.116,17.841,0.212,24.104,0.826,-11.329,18.722,-0.268,0.164,-0.238,0.681,-40.511,18.353,1.6,0.03,6.44,0.12,13,102,,,,,,,,,,,,,,,,,,
,,,20/10/2023 02:39,54,ETH 3,5.955,0.023,12.065,0.082,17.782,0.225,23.871,0.741,-9.743,20.977,-0.291,0.182,-0.395,0.662,-38.905,20.49,1.6,0.02,6.4,0.08,15,100,,,,,,,,,,,,,,,,,,
,,,20/10/2023 06:34,54,ETH 3,5.974,0.023,12.162,0.108,17.892,0.223,24.269,0.959,-9.827,20.823,-0.296,0.175,-0.199,0.826,-39.188,20.361,1.62,0.02,6.5,0.11,19,104,,,,,,,,,,,,,,,,,,
,,,20/10/2023 08:30,54,ETH 3,5.994,0.033,12.197,0.11,18.006,0.282,24.576,0.826,-12.739,22.237,-0.239,0.225,0.033,0.717,-42.096,21.759,1.64,0.03,6.53,0.11,21,104,,,,,,,,,,,,,,,,,,
X,,,20/10/2023 10:28,54,ETH 3,5.962,0.033,12.118,0.111,17.996,0.238,24.113,0.847,-14.321,19.026,-0.139,0.206,-0.263,0.697,-43.453,18.601,1.61,0.03,6.45,0.11,23,108,,,,,,,,,,,,,,,,,,
,,,20/10/2023 15:58,54,ETH 3,5.987,0.029,12.155,0.131,17.914,0.211,23.775,0.58,-13.583,17.453,-0.281,0.172,-0.666,0.537,-42.831,17.095,1.63,0.03,6.49,0.13,27,103,,,,,,,,,,,,,,,,,,
,,,20/10/2023 17:55,54,ETH 3,5.98,0.027,12.148,0.114,17.922,0.259,23.772,0.782,-11.336,20.369,-0.26,0.202,-0.656,0.65,-40.63,19.937,1.63,0.03,6.48,0.11,29,109,,,,,,,,,,,,,,,,,,
,,,20/10/2023 19:51,54,ETH 3,5.892,0.029,12.16,0.122,17.838,0.219,23.612,0.857,-15.894,16.961,-0.263,0.173,-0.835,0.741,-44.987,16.59,1.53,0.03,6.49,0.12,31,102,,,,,,,,,,,,,,,,,,
,,,20/10/2023 23:38,54,ETH 3,5.997,0.03,12.178,0.107,17.971,0.256,24.315,0.825,-13.42,19.743,-0.258,0.201,-0.186,0.707,-42.727,19.306,1.64,0.03,6.51,0.11,35,103,,,,,,,,,,,,,,,,,,
,,,21/10/2023 01:34,54,ETH 3,6.007,0.025,12.18,0.113,18.054,0.218,24.699,1.048,-14.647,19.914,-0.188,0.175,0.187,0.871,-43.93,19.482,1.65,0.02,6.51,0.11,37,102,,,,,,,,,,,,,,,,,,
,,,21/10/2023 03:28,54,ETH 3,5.988,0.021,12.14,0.072,17.872,0.183,24.383,0.744,-6.863,23.904,-0.31,0.165,-0.044,0.671,-36.285,23.313,1.63,0.02,6.47,0.07,39,100,,,,,,,,,,,,,,,,,,
,,,21/10/23 7.15,54,ETH 3,6.022,0.029,12.135,0.113,17.906,0.254,24.416,0.824,-7.105,20.833,-0.305,0.204,-0.001,0.665,-36.543,20.383,1.67,0.03,6.47,0.11,43,104,,,,,,,,,,,,,,,,,,
,,,21/10/2023 09:10,54,ETH 3,6.049,0.029,12.224,0.131,18.072,0.247,24.04,0.998,-9.777,22.069,-0.257,0.17,-0.544,0.777,-39.33,21.61,1.7,0.03,6.56,0.13,45,106,,,,,,,,,,,,,,,,,,
,,,23/10/2023 14:10,55,ETH 3,5.981,0.017,12.107,0.079,17.839,0.199,23.837,0.616,-5.825,17.154,-0.302,0.175,-0.511,0.586,-35.208,16.747,1.63,0.02,6.44,0.08,3,103,122,120,614,123,41823,,,,,,,,,,,,,
,,,23/10/2023 17:54,55,ETH 3,5.883,0.022,12.041,0.101,17.657,0.194,23.571,0.641,-12.302,13.793,-0.316,0.177,-0.64,0.524,-41.273,13.515,1.53,0.02,6.38,0.1,7,107,122,123,601,128,45421,,,,,,,,,,,,,
,,,24/10/2023 00:37,55,ETH 3,5.935,0.027,12.124,0.097,17.869,0.19,23.548,0.922,-10.723,13.367,-0.241,0.175,-0.826,0.772,-39.946,13.134,1.58,0.03,6.46,0.1,14,100,98,123,636,125,44584,,,,,,,,,,,,,
,,,24/10/2023 04:21,55,ETH 3,5.813,0.032,12.049,0.111,17.613,0.285,23.849,0.819,-11.182,18.244,-0.295,0.212,-0.386,0.654,-40.128,17.897,1.45,0.03,6.38,0.11,18,106,93,123,618,125,41526,,,,,,,,,,,,,
,,,24/10/2023 14:30,55,ETH 3,5.956,0.026,12.083,0.108,17.776,0.22,23.798,0.757,-11.958,16.249,-0.315,0.183,-0.502,0.69,-41.09,15.937,1.6,0.02,6.42,0.11,27,108,122,120,633,128,46593,,,,,,,,,,,,,
,,,24/10/2023 18:05,55,ETH 3,5.949,0.024,12.005,0.084,17.77,0.215,23.524,0.775,-8.027,16.631,-0.238,0.186,-0.616,0.674,-37.123,16.264,1.6,0.02,6.34,0.08,31,107,127,123,577,125,43060,,,,,,,,,,,,,
,,,25/10/2023 00:35,55,ETH 3,5.991,0.032,12.217,0.122,17.956,0.239,24.062,0.746,-13.448,18.77,-0.305,0.207,-0.51,0.619,-42.82,18.421,1.63,0.03,6.55,0.12,38,107,93,123,628,125,44398,,,,,,,,,,,,,
x,,,25/10/2023 04:21,55,ETH 3,5.923,0.026,12.215,0.097,17.874,0.267,24.45,0.677,-6.492,17.936,-0.314,0.198,-0.126,0.553,-35.998,17.563,1.56,0.03,6.55,0.1,42,109,93,123,589,125,42767,,,,,,,,,,,,,
,,,25/10/2023 13:41,56,ETH 3,5.223,2.148,10.512,4.42,15.54,6.548,20.838,8.858,-4.324,20.026,-0.244,0.054,-0.308,0.294,-29.719,30.594,0.88,2.13,4.86,4.39,3,110,142,120,582,125,36971,,,,,,,,,,,,,
,,,25/10/2023 17:24,56,ETH 3,5.983,0.034,11.986,0.113,17.778,0.247,23.89,0.697,-16.149,20.378,-0.246,0.222,-0.221,0.635,-45.004,19.945,1.63,0.03,6.32,0.11,7,100,137,123,555,123,31925,,,,,,,,,,,,,
x,,,26/10/2023 00:18,56,ETH 3,-0.091,0.055,-0.418,0.215,-0.66,0.324,-1.064,0.857,44.681,21.198,-0.156,0.216,-0.228,0.795,45.648,21.597,-4.38,0.05,-6.01,0.21,14,102,103,123,123,120,,,,,,,,,,,,,,
x,,,26/10/2023 04:04,56,ETH 3,6.043,0.016,11.773,0.033,17.536,0.176,23.296,0.93,-7.77,18.88,-0.339,0.158,-0.38,0.883,-36.535,18.368,1.71,0.02,6.11,0.03,18,105,93,123,577,125,35215,,,,,,,,,,,,,
,,,26/10/2023 14:18,56,ETH 3,5.981,0.025,12.148,0.107,17.969,0.225,23.748,0.908,-12.291,18.863,-0.214,0.165,-0.679,0.801,-41.559,18.46,1.63,0.02,6.48,0.11,27,110,103,123,616,125,49949,,,,,,,,,,,,,
,,,26/10/2023 18:05,56,ETH 3,5.955,0.019,11.992,0.042,17.795,0.202,23.863,0.752,-8.257,12.586,-0.207,0.202,-0.259,0.713,-37.329,12.261,1.6,0.02,6.33,0.04,31,99,112,123,640,125,48303,,,,,,,,,,,,,
,,,27/10/23 0.43,56,ETH 3,5.974,0.032,12.222,0.109,17.98,0.194,24.128,0.872,-11.085,21.198,-0.268,0.14,-0.455,0.753,-40.519,20.751,1.62,0.03,6.56,0.11,38,101,88,123,636,125,47166,,,,,,,,,,,,,
x,,,27/10/23 4.28,56,ETH 3,6.018,0.025,12.312,0.092,18.104,0.221,24.222,0.859,-9.049,22.007,-0.279,0.175,-0.54,0.716,-38.756,21.477,1.66,0.02,6.65,0.09,42,108,737,731,665,132,50000,,,,,,,,,,,,,
,,,27/10/2023 14:34,57,ETH 3,5.937,0.026,12.065,0.095,17.757,0.245,23.565,0.857,-12.203,15.181,-0.297,0.214,-0.694,0.75,-41.276,14.866,1.58,0.02,6.4,0.09,3,110,122,120,594,125,39260,,,,,,,,,,,,,
,,,27/10/2023 18:25,57,ETH 3,5.957,0.03,12.042,0.122,17.724,0.251,23.686,0.855,-15.347,13.769,-0.328,0.193,-0.53,0.732,-44.304,13.537,1.6,0.03,6.38,0.12,7,113,103,120,623,128,44040,,,,,,,,,,,,,
,,,28/10/2023 00:59,57,ETH 3,5.936,0.028,12.076,0.089,17.779,0.232,23.873,0.817,-11.175,20.069,-0.284,0.214,-0.414,0.725,-40.296,19.635,1.58,0.03,6.41,0.09,14,108,83,123,601,125,39646,,,,,,,,,,,,,
,,,28/10/2023 04:45,57,ETH 3,5.933,0.027,11.972,0.057,17.671,0.171,25.882,1.163,-6.67,25.214,-0.286,0.182,1.752,1.055,-35.726,24.574,1.58,0.03,6.31,0.06,18,101,83,120,584,125,36290,,,,,,,,,,,,,
,,,28/10/2023 15:05,57,ETH 3,5.937,0.023,11.959,0.066,17.733,0.213,23.555,0.88,-6.073,17.328,-0.217,0.199,-0.494,0.795,-35.128,16.935,1.59,0.02,6.29,0.07,27,102,107,120,604,125,40837,,,,,,,,,,,,,
,,,28/10/2023 18:48,57,ETH 3,5.929,0.025,12.004,0.075,17.723,0.199,23.855,0.848,-11.378,17.358,-0.263,0.197,-0.29,0.741,-40.352,16.977,1.58,0.02,6.34,0.07,31,102,117,123,543,125,34880,,,,,,,,,,,,,
,,,29/10/2023 01:21,57,ETH 3,6.021,0.033,12.288,0.129,18.147,0.253,25.372,1.301,-17.986,27.139,-0.217,0.193,0.629,1.114,-47.382,26.534,1.66,0.03,6.62,0.13,38,110,93,123,540,123,29555,,,,,,,,,,,,,
,,,29/10/2023 04:03,57,ETH 3,5.982,0.031,12.046,0.067,17.719,0.191,24.627,0.962,-8.716,17.823,-0.361,0.156,0.381,0.862,-37.901,17.422,1.63,0.03,6.38,0.07,42,100,322,313,550,125,31237,,,,,,,,,,,,,
,,,14/10/2023 11:49,52,ETH 4,-5.914,0.023,-5.671,0.077,-12.138,0.2,-11.336,0.633,16.579,5.509,-0.501,0.201,-0.026,0.708,34.523,5.59,-10.39,0.02,-11.12,0.08,8,100,,,,,,,,,,,,,,,,,,
,,,15/10/2023 08:27,52,ETH 4,-5.911,0.014,-5.534,0.042,-11.927,0.252,-10.928,0.656,13.45,6.546,-0.426,0.268,0.112,0.691,31.056,6.634,-10.39,0.01,-10.99,0.04,16,104,,,,,,,,,,,,,,,,,,
,,,16/10/2023 05:04,52,ETH 4,-5.925,0.013,-5.652,0.056,-11.939,0.183,-11.011,0.681,15.748,5.892,-0.307,0.192,0.263,0.715,33.649,5.963,-10.4,0.01,-11.1,0.06,24,115,,,,,,,,,,,,,,,,,,
,,,16/10/2023 18:35,52,ETH 4,-5.867,0.014,-5.391,0.081,-11.713,0.187,-10.623,0.694,3.964,14.875,-0.397,0.148,0.131,0.628,21.07,15.234,-10.35,0.01,-10.84,0.08,32,117,,,,,,,,,,,,,,,,,,
,,,17/10/2023 02:14,52,ETH 4,-5.867,0.018,-5.365,0.079,-11.742,0.183,-10.147,0.768,5.166,15.048,-0.452,0.159,0.559,0.727,22.24,15.449,-10.35,0.02,-10.82,0.08,40,104,,,,,,,,,,,,,,,,,,
,,,17/10/2023 18:07,53,ETH 4,-5.901,0.013,-5.576,0.042,-11.924,0.212,-10.667,0.71,8.764,7.444,-0.393,0.203,0.459,0.743,26.362,7.521,-10.38,0.01,-11.03,0.04,8,103,,,,,,,,,,,,,,,,,,
,,,18/10/2023 01:52,53,ETH 4,-5.856,0.013,-5.458,0.066,-11.727,0.209,-10.464,0.786,5.715,7.786,-0.355,0.194,0.427,0.741,22.973,7.978,-10.34,0.01,-10.91,0.07,16,115,,,,,,,,,,,,,,,,,,
,,,18/10/2023 10:39,53,ETH 4,-5.884,0.019,-5.567,0.066,-11.947,0.212,-10.266,0.666,8.348,10.162,-0.442,0.21,0.847,0.738,25.902,10.248,-10.36,0.02,-11.02,0.07,24,109,,,,,,,,,,,,,,,,,,
,,,18/10/2023 18:51,53,ETH 4,-5.878,0.02,-5.276,0.085,-11.701,0.242,-10.273,0.887,2.647,16.92,-0.487,0.221,0.253,0.813,19.512,17.345,-10.37,0.02,-10.73,0.08,32,108,,,,,,,,,,,,,,,,,,
x,,,19/10/2023 02:38,53,ETH 4,-0.079,0.064,-0.45,0.251,-0.683,0.375,-0.939,0.897,47.999,18.119,-0.159,0.204,-0.039,0.915,49.024,18.645,-4.37,0.06,-5.94,0.25,40,102,,,,,,,,,,,,,,,,,,
,,,19/10/2023 19:57,54,ETH 4,-5.888,0.024,-5.442,0.085,-11.826,0.181,-10.519,0.795,1.392,17.627,-0.44,0.152,0.339,0.709,18.581,18.077,-10.37,0.02,-11,0.08,8,105,,,,,,,,,,,,,,,,,,
,,,20/10/2023 03:36,54,ETH 4,-5.838,0.019,-5.336,0.101,-11.679,0.222,-10.448,0.749,3.792,21.143,-0.447,0.215,0.197,0.695,20.755,21.66,-10.32,0.02,-10.9,0.1,16,100,,,,,,,,,,,,,,,,,,
,,,20/10/23 12.33,54,ETH 4,-5.848,0.018,-5.367,0.071,-11.753,0.217,-10.036,0.843,0.081,14.887,-0.48,0.182,0.677,0.751,17.053,15.257,-10.33,0.02,-10.93,0.07,24,100,,,,,,,,,,,,,,,,,,
,,,20/10/2023 20:46,54,ETH 4,-5.837,0.016,-5.358,0.075,-11.669,0.192,-10.365,0.844,0.557,15.178,-0.417,0.185,0.325,0.778,17.505,15.544,-10.32,0.02,-10.92,0.07,32,108,,,,,,,,,,,,,,,,,,
,,,21/10/2023 04:22,54,ETH 4,-5.844,0.026,-5.346,0.109,-11.678,0.292,-10.089,1.122,-7.165,22.435,-0.429,0.27,0.581,0.992,9.64,22.995,-10.33,0.03,-10.91,0.11,40,111,,,,,,,,,,,,,,,,,,
,,,23/10/2023 20:44,55,ETH 4,-5.895,0.022,-5.477,0.108,-11.898,0.205,-10.514,0.967,7.322,17.381,-0.47,0.178,0.414,0.855,24.691,17.851,-10.38,0.02,-11.04,0.11,10,106,93,123,621,125,41364,,,,,,,,,,,,,
,,,24/10/2023 08:05,55,ETH 4,-5.911,0.02,-5.52,0.083,-11.922,0.171,-10.53,0.768,3.5,23.462,-0.434,0.186,0.486,0.713,20.909,23.995,-10.39,0.02,-11.08,0.08,22,103,93,123,587,125,34585,,,,,,,,,,,,,
,,,24/10/2023 20:52,55,ETH 4,-5.855,0.023,-5.386,0.095,-11.742,0.187,-10.44,0.788,4.626,17.618,-0.444,0.165,0.306,0.715,21.722,18.078,-10.34,0.02,-10.95,0.09,34,108,98,123,618,125,41772,,,,,,,,,,,,,
,,,25/10/2023 20:15,56,ETH 4,-5.826,0.024,-5.279,0.104,-11.619,0.251,-10.113,0.8,4.315,21.682,-0.455,0.211,0.422,0.686,21.159,22.212,-10.31,0.02,-10.84,0.1,10,104,132,120,604,125,46192,,,,,,,,,,,,,
,,,26/10/2023 07:53,56,ETH 4,-5.804,0.026,-5.24,0.114,-11.54,0.245,-9.993,0.824,1.987,21.394,-0.437,0.186,0.464,0.723,18.689,21.944,-10.29,0.02,-10.8,0.11,22,108,132,123,618,125,48512,,,,,,,,,,,,,
,,,26/10/2023 20:58,56,ETH 4,-5.813,0.029,-5.264,0.097,-11.647,0.267,-10.033,0.824,1.437,20.044,-0.512,0.21,0.472,0.728,18.187,20.556,-10.3,0.03,-10.82,0.1,34,103,83,123,587,125,42941,,,,,,,,,,,,,
,,,27/10/2023 21:16,57,ETH 4,-5.683,0.029,-5.263,0.114,-11.444,0.262,-10.173,0.918,2.551,23.622,-0.442,0.182,0.327,0.769,19.175,24.186,-10.16,0.03,-10.82,0.11,10,104,83,123,631,125,45603,,,,,,,,,,,,,
,,,28/10/2023 08:37,57,ETH 4,-5.806,0.025,-5.282,0.098,-11.641,0.28,-9.585,0.889,3.923,23.501,-0.495,0.208,0.961,0.798,20.744,24.061,-10.29,0.02,-10.84,0.1,22,103,93,123,640,125,46808,,,,,,,,,,,,,
,,,28/10/2023 21:36,57,ETH 4,-5.859,0.023,-5.454,0.083,-11.819,0.271,-10.786,0.852,9.405,21.217,-0.449,0.235,0.094,0.75,26.725,21.724,-10.34,0.02,-11.01,0.08,34,106,83,123,616,125,41929,,,,,,,,,,,,,
,,,24/10/2023 01:34,55,ETH1,6.218,0.027,11.546,0.107,17.147,0.222,22.307,0.903,-10.82,18.449,-0.68,0.191,-0.898,0.794,-39.25,18.091,1.9,0.03,5.88,0.11,15,103,122,123,636,128,45014,,,,,,,,,,,,,
,,,23/10/2023 22:43,55,GZ05,-0.356,0.025,2.624,0.125,1.869,0.289,4.967,0.867,-3.136,22.175,-0.341,0.198,-0.287,0.739,-7.875,22.268,-4.78,0.02,-2.98,0.12,12,742,93,123,772,130,50000,,,,,,,,,,,,,
,,,24/10/2023 22:51,55,GZ05,-0.327,0.031,2.76,0.144,1.965,0.292,5.232,0.814,-3.642,21.37,-0.409,0.223,-0.294,0.655,-8.672,21.516,-4.75,0.03,-2.85,0.14,36,709,93,123,753,130,50000,,,,,,,,,,,,,
,,,25/10/2023 22:18,56,GZ05,2.194,0.039,6.592,0.167,8.49,0.266,13.173,0.946,-16.348,20.674,-0.266,0.19,-0.053,0.727,-31.226,20.615,-2.21,0.04,0.96,0.17,12,720,132,120,877,130,50000,,,,,,,,,,,,,
,,,26/10/2023 20:03,56,GZ05,-0.265,0.038,2.778,0.151,2.115,0.28,5.47,0.975,-3.732,24.274,-0.342,0.183,-0.093,0.766,-8.862,24.411,-4.68,0.04,-2.83,0.15,33,747,117,123,758,128,50000,,,,,,,,,,,,,
,,,25/10/2023 23:15,56,GZ08,-2.125,0.028,2.36,0.103,-0.152,0.188,6.135,0.808,-5.088,20.313,-0.275,0.165,1.403,0.787,-7.435,20.407,-6.65,0.03,-3.24,0.1,13,602,132,123,633,125,45522,,,,,,,,,,,,,
,,,26/10/2023 11:28,56,GZ08,-2.242,0.016,2.12,0.067,-0.592,0.175,3.977,0.674,5.963,12.268,-0.359,0.195,-0.266,0.665,4.184,12.203,-6.77,0.02,-3.48,0.07,24,615,78,118,628,123,44271,,,,,,,,,,,,,
,,,27/10/2023 16:31,57,GZ08,-2.241,0.027,2.188,0.104,-0.499,0.279,4.361,0.73,-5.791,17.966,-0.333,0.244,-0.019,0.681,-7.679,18.111,-6.77,0.03,-3.41,0.1,5,630,117,120,589,125,44296,,,,,,,,,,,,,
,,,28/10/2023 06:41,57,GZ08,-2.213,0.027,2.277,0.104,-0.424,0.227,5.31,0.815,-3.012,18.868,-0.375,0.195,0.748,0.669,-5.109,18.988,-6.74,0.03,-3.33,0.1,20,604,88,123,621,125,43375,,,,,,,,,,,,,
,,,24/10/2023 16:12,55,GZ10,-2.525,0.011,1.592,0.05,-1.379,0.117,2.981,0.439,-0.965,6.396,-0.336,0.096,-0.205,0.366,-1.395,6.484,-7.05,0.01,-4.01,0.05,29,1053,122,123,633,125,50000,,,,,,,,,,,,,
,,,24/10/2023 23:37,55,GZ10,-2.519,0.014,1.644,0.056,-1.324,0.116,3.257,0.409,-2.233,7.878,-0.337,0.079,-0.034,0.357,-2.771,7.98,-7.05,0.01,-3.95,0.06,37,1015,122,123,626,125,49803,,,,,,,,,,,,,
,,,24/10/2023 15:25,55,PL-1,-2.765,0.023,3.637,0.094,0.311,0.22,6.857,0.69,-2.397,19.357,-0.402,0.195,-0.426,0.649,-6.557,19.441,-7.38,0.02,-1.97,0.09,28,118,93,123,574,125,34777,,,,,,,,,,,,,
,,,25/10/2023 02:29,55,PL-1,-2.721,0.027,3.648,0.083,0.316,0.266,7.974,1.103,-1.089,25.128,-0.453,0.195,0.66,0.979,-5.323,25.172,-7.33,0.03,-1.96,0.08,40,109,93,123,577,125,34806,,,,,,,,,,,,,
,,,25/10/2023 09:34,55,PL-1,-2.643,0.029,3.877,0.106,0.646,0.252,7.755,0.944,-3.891,19.342,-0.428,0.196,-0.014,0.842,-8.642,19.406,-7.26,0.03,-1.73,0.11,46,119,88,123,616,125,41833,,,,,,,,,,,,,
,,,25/10/2023 15:33,56,PL-1,-2.666,0.027,3.711,0.106,0.516,0.249,7.814,0.785,-10.294,17.58,-0.371,0.228,0.376,0.739,-14.668,17.672,-7.28,0.03,-1.9,0.11,5,116,137,123,548,125,31028,,,,,,,,,,,,,
,,,26/10/2023 15:15,56,PL-1,-2.675,0.024,3.774,0.098,0.539,0.254,7.324,1.023,-7.417,17.592,-0.401,0.202,-0.236,0.901,-11.918,17.654,-7.29,0.02,-1.83,0.1,28,118,78,123,609,125,42102,,,,,,,,,,,,,
,,,25/10/2023 18:23,56,PL-2,-2.838,0.024,4.407,0.089,0.904,0.22,8.712,0.758,-1.881,14.725,-0.488,0.204,-0.119,0.684,-7.464,14.78,-7.49,0.02,-1.2,0.09,8,174,103,123,623,125,50000,,,,,,,,,,,,,
,,,26/10/2023 19:01,56,PL-2,-2.756,0.024,4.541,0.115,1.29,0.232,8.898,0.731,-2.74,17.734,-0.317,0.189,-0.203,0.572,-8.664,17.824,-7.4,0.02,-1.07,0.11,32,160,117,123,611,125,47161,,,,,,,,,,,,,
,,,27/10/2023 20:20,57,PL-2,-2.859,0.031,4.197,0.114,0.781,0.228,8.177,0.807,-0.825,18.854,-0.384,0.174,-0.233,0.663,-5.983,18.942,-7.5,0.03,-1.41,0.11,9,168,112,120,589,125,43975,,,,,,,,,,,,,
,,,28/10/2023 13:13,57,PL-2,-2.897,0.025,4.29,0.096,0.805,0.248,8.157,0.874,4.664,19.573,-0.41,0.203,-0.437,0.773,-0.663,19.631,-7.54,0.02,-1.32,0.1,25,173,104,120,626,125,50000,,,,,,,,,,,,,
,,,25/10/2023 19:17,56,PL-3,-3.698,0.017,4.975,0.052,0.725,0.201,9.845,0.656,4.567,12.793,-0.331,0.193,-0.128,0.665,-1.245,12.682,-8.42,0.02,-0.64,0.05,9,112,132,123,589,123,37319,,,,,,,,,,,,,
,,,26/10/2023 16:10,56,PL-3,-3.696,0.027,5.081,0.088,0.758,0.226,10.039,0.91,-5.285,20.324,-0.404,0.207,-0.147,0.798,-11.244,20.347,-8.43,0.03,-0.53,0.09,29,121,107,123,579,123,36077,,,,,,,,,,,,,
,,,27/10/2023 23:07,57,PL-3,-3.734,0.03,5.055,0.104,0.681,0.277,10.275,0.73,-7.104,21.182,-0.417,0.222,0.137,0.647,-12.962,21.231,-8.47,0.03,-0.56,0.1,12,110,88,123,574,125,34340,,,,,,,,,,,,,
,,,25/10/2023 14:38,56,SH01,0.889,0.025,3.259,0.118,3.638,0.211,7.099,0.766,-10.494,13.949,-0.484,0.166,0.567,0.693,-17.727,14.037,-3.47,0.02,-2.36,0.12,4,173,103,120,609,125,48335,,,,,,,,,,,,,
,,,26/10/2023 12:23,56,SH01,1.116,0.018,3.282,0.078,3.808,0.237,6.119,0.711,-0.015,16.73,-0.572,0.191,-0.454,0.629,-7.613,16.692,-3.23,0.02,-2.33,0.08,25,170,103,120,584,125,44006,,,,,,,,,,,,,
,,,27/10/2023 19:23,57,SH01,0.996,0.026,3.19,0.086,3.686,0.255,6.147,0.817,-4.42,13.094,-0.479,0.22,-0.242,0.749,-11.679,13.097,-3.36,0.02,-2.42,0.09,8,168,93,123,687,128,50000,,,,,,,,,,,,,
,,,28/10/2023 07:38,57,SH01,1.033,0.033,3.236,0.114,3.684,0.261,6.949,0.952,-2.184,23.914,-0.565,0.194,0.463,0.796,-9.586,23.933,-3.32,0.03,-2.38,0.11,21,173,107,123,623,125,44153,,,,,,,,,,,,,
,,,23/10/2023 23:39,55,YC05,-2.026,0.025,1.44,0.103,-0.955,0.202,2.779,0.931,-4.976,13.488,-0.278,0.201,-0.103,0.832,-5.636,13.644,-6.51,0.02,-4.16,0.1,13,507,127,123,621,128,41959,,,,,,,,,,,,,
,,,24/10/2023 19:56,55,YC05,-2.027,0.016,1.385,0.032,-1.011,0.167,2.732,0.611,2.024,9.56,-0.28,0.166,-0.041,0.617,1.464,9.537,-6.51,0.02,-4.21,0.03,33,503,132,123,616,125,41120,,,,,,,,,,,,,
,,,27/10/2023 07:19,56,YC05,-1.864,0.026,1.662,0.095,-0.648,0.217,3.215,0.834,-4.337,19.72,-0.355,0.201,-0.111,0.724,-5.601,19.857,-6.35,0.02,-3.94,0.09,45,483,127,123,592,125,38852,,,,,,,,,,,,,
,,,27/10/2023 06:25,56,YC06,0.863,0.033,4.189,0.135,4.696,0.278,8.052,0.724,-5.592,24.25,-0.315,0.201,-0.341,0.594,-14.629,24.268,-3.53,0.03,-1.43,0.13,44,624,88,123,711,123,50000,,,,,,,,,,,,,
,,,27/10/2023 15:34,57,YC06,0.96,0.029,4.133,0.14,4.707,0.259,7.835,1.016,-4.627,19.469,-0.349,0.199,-0.444,0.846,-13.667,19.517,-3.43,0.03,-1.49,0.14,4,673,88,120,721,128,50000,,,,,,,,,,,,,
,,,28/10/2023 12:14,57,YC06,0.93,0.015,3.86,0.032,4.415,0.192,7.449,0.861,3.416,11.6,-0.341,0.202,-0.283,0.865,-5.138,11.504,-3.45,0.02,-1.76,0.03,24,625,78,115,684,123,50000,,,,,,,,,,,,,
,,,28/10/23 23.31,57,YC06,1.022,0.038,4.236,0.143,4.829,0.273,8.414,0.793,-8.252,24.382,-0.392,0.178,-0.076,0.646,-17.52,24.416,-3.37,0.04,-1.38,0.14,36,632,88,123,699,128,50000,,,,,,,,,,,,,
,,,24/10/2023 02:30,55,YJ03-5,-3.658,0.016,6.014,0.05,1.755,0.16,11.755,0.731,6.425,13.812,-0.359,0.151,-0.305,0.76,-1.47,13.653,-8.42,0.02,0.4,0.05,16,126,93,123,594,125,36828,,,,,,,,,,,,,
,,,25/10/2023 03:24,55,YJ03-5,-3.597,0.015,6.164,0.06,1.896,0.183,12.948,0.792,-0.981,10.902,-0.43,0.176,0.574,0.822,-9.175,10.777,-8.36,0.02,0.55,0.06,41,124,117,123,594,125,36779,,,,,,,,,,,,,
,,,28/10/23 0.03,57,YJ03-5,-3.613,0.022,6.216,0.065,1.919,0.198,12.281,0.857,-3.718,14.833,-0.44,0.189,-0.188,0.789,-11.969,14.82,-8.38,0.02,0.6,0.06,13,123,112,120,550,125,35681,,,,,,,,,,,,,
,,,24/10/2023 03:25,55,YJ07-1,-3.708,0.024,2.983,0.092,-1.268,0.194,5.917,0.79,4.449,19.402,-0.364,0.173,-0.058,0.675,2.552,19.513,-8.36,0.02,-2.62,0.09,17,504,117,123,596,125,37024,,,,,,,,,,,,,
,,,24/10/2023 19:00,55,YJ07-1,-3.628,0.018,3.072,0.06,-1.125,0.229,6.082,0.668,0.967,16.455,-0.392,0.222,-0.072,0.618,-1.185,16.496,-8.28,0.02,-2.53,0.06,32,510,98,123,589,125,36941,,,,,,,,,,,,,
,,,27/10/23 9.39,56,YJ07-1,-3.608,0.031,3.251,0.101,-0.916,0.24,6.446,1.004,-5.495,23.255,-0.378,0.225,-0.067,0.891,-7.999,23.38,-8.26,0.03,-2.35,0.1,46,497,728,650,570,130,33408,,,,,,,,,,,,,
,,,29/10/23 0.25,57,YJ07-1,-3.632,0.033,3.126,0.113,-1.045,0.252,6.878,1.19,-8.039,22.343,-0.36,0.212,0.611,1.034,-10.27,22.488,-8.28,0.03,-2.48,0.11,37,487,122,123,565,125,33030,,,,,,,,,,,,,
,,,,,,,,,,,,,,,,,,,,,,,,,,,,,,,,,,,,,,,,,,,,,
,,,,,,,,,,,,,,,,,,,,,,,,,,,,,,,,,,,,,,,,,,,,,
,,,,,,,,,,,,,,,,,,,,,,,,,,,,,,,,,,,,,,,,,,,,,
,,,,,,,,,,,,,,,,,,,,,,,,,,,,,,,,,,,,,,,,,,,,,
,,,,,,,,,,,,,,,,,,,,,,,,,,,,,,,,,,,,,,,,,,,,,
,,,,,,,,,,,,,,,,,,,,,,,,,,,,,,,,,,,,,,,,,,,,,
,,,,,,,,,,,,,,,,,,,,,,,,,,,,,,,,,,,,,,,,,,,,,
,,,,,,,,,,,,,,,,,,,,,,,,,,,,,,,,,,,,,,,,,,,,,
,,,,,,,,,,,,,,,,,,,,,,,,,,,,,,,,,,,,,,,,,,,,,
,,,,,,,,,,,,,,,,,,,,,,,,,,,,,,,,,,,,,,,,,,,,,
,,,,,,,,,,,,,,,,,,,,,,,,,,,,,,,,,,,,,,,,,,,,,
,,,,,,,,,,,,,,,,,,,,,,,,,,,,,,,,,,,,,,,,,,,,,
,,,,,,,,,,,,,,,,,,,,,,,,,,,,,,,,,,,,,,,,,,,,,
,,,,,,,,,,,,,,,,,,,,,,,,,,,,,,,,,,,,,,,,,,,,,
,,,,,,,,,,,,,,,,,,,,,,,,,,,,,,,,,,,,,,,,,,,,,
,,,,,,,,,,,,,,,,,,,,,,,,,,,,,,,,,,,,,,,,,,,,,
,,,,,,,,,,,,,,,,,,,,,,,,,,,,,,,,,,,,,,,,,,,,,
,,,,,,,,,,,,,,,,,,,,,,,,,,,,,,,,,,,,,,,,,,,,,
,,,,,,,,,,,,,,,,,,,,,,,,,,,,,,,,,,,,,,,,,,,,,
,,,,,,,,,,,,,,,,,,,,,,,,,,,,,,,,,,,,,,,,,,,,,
,,,,,,,,,,,,,,,,,,,,,,,,,,,,,,,,,,,,,,,,,,,,,
,,,,,,,,,,,,,,,,,,,,,,,,,,,,,,,,,,,,,,,,,,,,,
,,,,,,,,,,,,,,,,,,,,,,,,,,,,,,,,,,,,,,,,,,,,,
,,,,,,,,,,,,,,,,,,,,,,,,,,,,,,,,,,,,,,,,,,,,,
,,,,,,,,,,,,,,,,,,,,,,,,,,,,,,,,,,,,,,,,,,,,,
,,,,,,,,,,,,,,,,,,,,,,,,,,,,,,,,,,,,,,,,,,,,,
,,,,,,,,,,,,,,,,,,,,,,,,,,,,,,,,,,,,,,,,,,,,,
,,,,,,,,,,,,,,,,,,,,,,,,,,,,,,,,,,,,,,,,,,,,,
,,,,,,,,,,,,,,,,,,,,,,,,,,,,,,,,,,,,,,,,,,,,,
,,,,,,,,,,,,,,,,,,,,,,,,,,,,,,,,,,,,,,,,,,,,,
,,,,,,,,,,,,,,,,,,,,,,,,,,,,,,,,,,,,,,,,,,,,,
,,,,,,,,,,,,,,,,,,,,,,,,,,,,,,,,,,,,,,,,,,,,,
,,,,,,,,,,,,,,,,,,,,,,,,,,,,,,,,,,,,,,,,,,,,,
,,,,,,,,,,,,,,,,,,,,,,,,,,,,,,,,,,,,,,,,,,,,,
,,,,,,,,,,,,,,,,,,,,,,,,,,,,,,,,,,,,,,,,,,,,,
,,,,,,,,,,,,,,,,,,,,,,,,,,,,,,,,,,,,,,,,,,,,,
,,,,,,,,,,,,,,,,,,,,,,,,,,,,,,,,,,,,,,,,,,,,,
,,,,,,,,,,,,,,,,,,,,,,,,,,,,,,,,,,,,,,,,,,,,,
,,,,,,,,,,,,,,,,,,,,,,,,,,,,,,,,,,,,,,,,,,,,,
,,,,,,,,,,,,,,,,,,,,,,,,,,,,,,,,,,,,,,,,,,,,,
,,,,,,,,,,,,,,,,,,,,,,,,,,,,,,,,,,,,,,,,,,,,,
,,,,,,,,,,,,,,,,,,,,,,,,,,,,,,,,,,,,,,,,,,,,,
,,,,,,,,,,,,,,,,,,,,,,,,,,,,,,,,,,,,,,,,,,,,,
,,,,,,,,,,,,,,,,,,,,,,,,,,,,,,,,,,,,,,,,,,,,,
,,,,,,,,,,,,,,,,,,,,,,,,,,,,,,,,,,,,,,,,,,,,,
,,,,,,,,,,,,,,,,,,,,,,,,,,,,,,,,,,,,,,,,,,,,,
,,,,,,,,,,,,,,,,,,,,,,,,,,,,,,,,,,,,,,,,,,,,,
,,,,,,,,,,,,,,,,,,,,,,,,,,,,,,,,,,,,,,,,,,,,,
,,,,,,,,,,,,,,,,,,,,,,,,,,,,,,,,,,,,,,,,,,,,,
,,,,,,,,,,,,,,,,,,,,,,,,,,,,,,,,,,,,,,,,,,,,,
,,,,,,,,,,,,,,,,,,,,,,,,,,,,,,,,,,,,,,,,,,,,,
,,,,,,,,,,,,,,,,,,,,,,,,,,,,,,,,,,,,,,,,,,,,,
,,,,,,,,,,,,,,,,,,,,,,,,,,,,,,,,,,,,,,,,,,,,,
,,,,,,,,,,,,,,,,,,,,,,,,,,,,,,,,,,,,,,,,,,,,,
,,,,,,,,,,,,,,,,,,,,,,,,,,,,,,,,,,,,,,,,,,,,,
,,,,,,,,,,,,,,,,,,,,,,,,,,,,,,,,,,,,,,,,,,,,,
,,,,,,,,,,,,,,,,,,,,,,,,,,,,,,,,,,,,,,,,,,,,,
,,,,,,,,,,,,,,,,,,,,,,,,,,,,,,,,,,,,,,,,,,,,,
,,,,,,,,,,,,,,,,,,,,,,,,,,,,,,,,,,,,,,,,,,,,,
,,,,,,,,,,,,,,,,,,,,,,,,,,,,,,,,,,,,,,,,,,,,,
,,,,,,,,,,,,,,,,,,,,,,,,,,,,,,,,,,,,,,,,,,,,,
,,,,,,,,,,,,,,,,,,,,,,,,,,,,,,,,,,,,,,,,,,,,,
,,,,,,,,,,,,,,,,,,,,,,,,,,,,,,,,,,,,,,,,,,,,,
,,,,,,,,,,,,,,,,,,,,,,,,,,,,,,,,,,,,,,,,,,,,,
,,,,,,,,,,,,,,,,,,,,,,,,,,,,,,,,,,,,,,,,,,,,,
,,,,,,,,,,,,,,,,,,,,,,,,,,,,,,,,,,,,,,,,,,,,,
,,,,,,,,,,,,,,,,,,,,,,,,,,,,,,,,,,,,,,,,,,,,,
,,,,,,,,,,,,,,,,,,,,,,,,,,,,,,,,,,,,,,,,,,,,,
,,,,,,,,,,,,,,,,,,,,,,,,,,,,,,,,,,,,,,,,,,,,,
,,,,,,,,,,,,,,,,,,,,,,,,,,,,,,,,,,,,,,,,,,,,,
,,,,,,,,,,,,,,,,,,,,,,,,,,,,,,,,,,,,,,,,,,,,,
,,,,,,,,,,,,,,,,,,,,,,,,,,,,,,,,,,,,,,,,,,,,,
,,,,,,,,,,,,,,,,,,,,,,,,,,,,,,,,,,,,,,,,,,,,,
,,,,,,,,,,,,,,,,,,,,,,,,,,,,,,,,,,,,,,,,,,,,,
,,,,,,,,,,,,,,,,,,,,,,,,,,,,,,,,,,,,,,,,,,,,,
,,,,,,,,,,,,,,,,,,,,,,,,,,,,,,,,,,,,,,,,,,,,,
,,,,,,,,,,,,,,,,,,,,,,,,,,,,,,,,,,,,,,,,,,,,,
,,,,,,,,,,,,,,,,,,,,,,,,,,,,,,,,,,,,,,,,,,,,,
,,,,,,,,,,,,,,,,,,,,,,,,,,,,,,,,,,,,,,,,,,,,,
,,,,,,,,,,,,,,,,,,,,,,,,,,,,,,,,,,,,,,,,,,,,,
,,,,,,,,,,,,,,,,,,,,,,,,,,,,,,,,,,,,,,,,,,,,,
,,,,,,,,,,,,,,,,,,,,,,,,,,,,,,,,,,,,,,,,,,,,,
,,,,,,,,,,,,,,,,,,,,,,,,,,,,,,,,,,,,,,,,,,,,,
,,,,,,,,,,,,,,,,,,,,,,,,,,,,,,,,,,,,,,,,,,,,,
,,,,,,,,,,,,,,,,,,,,,,,,,,,,,,,,,,,,,,,,,,,,,
,,,,,,,,,,,,,,,,,,,,,,,,,,,,,,,,,,,,,,,,,,,,,
,,,,,,,,,,,,,,,,,,,,,,,,,,,,,,,,,,,,,,,,,,,,,
,,,,,,,,,,,,,,,,,,,,,,,,,,,,,,,,,,,,,,,,,,,,,
,,,,,,,,,,,,,,,,,,,,,,,,,,,,,,,,,,,,,,,,,,,,,
,,,,,,,,,,,,,,,,,,,,,,,,,,,,,,,,,,,,,,,,,,,,,
,,,,,,,,,,,,,,,,,,,,,,,,,,,,,,,,,,,,,,,,,,,,,
,,,,,,,,,,,,,,,,,,,,,,,,,,,,,,,,,,,,,,,,,,,,,
,,,,,,,,,,,,,,,,,,,,,,,,,,,,,,,,,,,,,,,,,,,,,
,,,,,,,,,,,,,,,,,,,,,,,,,,,,,,,,,,,,,,,,,,,,,
,,,,,,,,,,,,,,,,,,,,,,,,,,,,,,,,,,,,,,,,,,,,,
,,,,,,,,,,,,,,,,,,,,,,,,,,,,,,,,,,,,,,,,,,,,,
,,,,,,,,,,,,,,,,,,,,,,,,,,,,,,,,,,,,,,,,,,,,,
,,,,,,,,,,,,,,,,,,,,,,,,,,,,,,,,,,,,,,,,,,,,,
,,,,,,,,,,,,,,,,,,,,,,,,,,,,,,,,,,,,,,,,,,,,,
,,,,,,,,,,,,,,,,,,,,,,,,,,,,,,,,,,,,,,,,,,,,,
,,,,,,,,,,,,,,,,,,,,,,,,,,,,,,,,,,,,,,,,,,,,,
,,,,,,,,,,,,,,,,,,,,,,,,,,,,,,,,,,,,,,,,,,,,,
,,,,,,,,,,,,,,,,,,,,,,,,,,,,,,,,,,,,,,,,,,,,,
,,,,,,,,,,,,,,,,,,,,,,,,,,,,,,,,,,,,,,,,,,,,,
,,,,,,,,,,,,,,,,,,,,,,,,,,,,,,,,,,,,,,,,,,,,,
,,,,,,,,,,,,,,,,,,,,,,,,,,,,,,,,,,,,,,,,,,,,,
,,,,,,,,,,,,,,,,,,,,,,,,,,,,,,,,,,,,,,,,,,,,,
,,,,,,,,,,,,,,,,,,,,,,,,,,,,,,,,,,,,,,,,,,,,,
,,,,,,,,,,,,,,,,,,,,,,,,,,,,,,,,,,,,,,,,,,,,,
,,,,,,,,,,,,,,,,,,,,,,,,,,,,,,,,,,,,,,,,,,,,,
,,,,,,,,,,,,,,,,,,,,,,,,,,,,,,,,,,,,,,,,,,,,,
,,,,,,,,,,,,,,,,,,,,,,,,,,,,,,,,,,,,,,,,,,,,,
,,,,,,,,,,,,,,,,,,,,,,,,,,,,,,,,,,,,,,,,,,,,,
,,,,,,,,,,,,,,,,,,,,,,,,,,,,,,,,,,,,,,,,,,,,,
,,,,,,,,,,,,,,,,,,,,,,,,,,,,,,,,,,,,,,,,,,,,,
,,,,,,,,,,,,,,,,,,,,,,,,,,,,,,,,,,,,,,,,,,,,,
,,,,,,,,,,,,,,,,,,,,,,,,,,,,,,,,,,,,,,,,,,,,,
,,,,,,,,,,,,,,,,,,,,,,,,,,,,,,,,,,,,,,,,,,,,,
,,,,,,,,,,,,,,,,,,,,,,,,,,,,,,,,,,,,,,,,,,,,,
,,,,,,,,,,,,,,,,,,,,,,,,,,,,,,,,,,,,,,,,,,,,,
,,,,,,,,,,,,,,,,,,,,,,,,,,,,,,,,,,,,,,,,,,,,,
,,,,,,,,,,,,,,,,,,,,,,,,,,,,,,,,,,,,,,,,,,,,,
,,,,,,,,,,,,,,,,,,,,,,,,,,,,,,,,,,,,,,,,,,,,,
,,,,,,,,,,,,,,,,,,,,,,,,,,,,,,,,,,,,,,,,,,,,,
,,,,,,,,,,,,,,,,,,,,,,,,,,,,,,,,,,,,,,,,,,,,,
,,,,,,,,,,,,,,,,,,,,,,,,,,,,,,,,,,,,,,,,,,,,,
,,,,,,,,,,,,,,,,,,,,,,,,,,,,,,,,,,,,,,,,,,,,,
,,,,,,,,,,,,,,,,,,,,,,,,,,,,,,,,,,,,,,,,,,,,,
,,,,,,,,,,,,,,,,,,,,,,,,,,,,,,,,,,,,,,,,,,,,,